{"cameraMode":{"drawMode":0,"name":"Shaded","section":"Shading Mode"},"sceneLighting":false,"audioPlay":false,"sceneViewState":{"showFog":true,"showMaterialUpdate":false,"showSkybox":true,"showFlares":true,"showImageEffects":true,"showParticleSystems":true},"in2DMode":false,"pivot":{"x":-298.7245178222656,"y":-34.08535385131836,"z":459.6854553222656},"rotation":{"x":-0.011212938465178013,"y":-0.988616406917572,"z":0.1150367483496666,"w":-0.09632507711648941},"size":10.567193984985352,"orthographic":false}