{"cameraMode":{"drawMode":0,"name":"Shaded","section":"Shading Mode"},"sceneLighting":false,"audioPlay":false,"sceneViewState":{"showFog":true,"showMaterialUpdate":false,"showSkybox":true,"showFlares":true,"showImageEffects":true,"showParticleSystems":true},"in2DMode":false,"pivot":{"x":-0.49446162581443789,"y":1.4760615825653077,"z":-1.5337119102478028},"rotation":{"x":-0.09057223796844483,"y":-0.2344132363796234,"z":0.021938331425189973,"w":-0.9676600098609924},"size":3.7504501342773439,"orthographic":false}