{"cameraMode":{"drawMode":0,"name":"Shaded","section":"Shading Mode"},"sceneLighting":true,"audioPlay":false,"sceneViewState":{"showFog":true,"showMaterialUpdate":false,"showSkybox":true,"showFlares":true,"showImageEffects":true,"showParticleSystems":true},"in2DMode":false,"pivot":{"x":-278.78692626953127,"y":-37.44654083251953,"z":459.42950439453127},"rotation":{"x":0.04073009639978409,"y":0.9263650178909302,"z":-0.10497351735830307,"w":0.35940173268318179},"size":13.64634895324707,"orthographic":false}