{"cameraMode":{"drawMode":0,"name":"Shaded","section":"Shading Mode"},"sceneLighting":true,"audioPlay":false,"sceneViewState":{"showFog":true,"showMaterialUpdate":false,"showSkybox":true,"showFlares":true,"showImageEffects":true,"showParticleSystems":true},"in2DMode":false,"pivot":{"x":-343.0141296386719,"y":-43.04228210449219,"z":518.9934692382813},"rotation":{"x":0.10681818425655365,"y":-0.4955812692642212,"z":0.061572667211294177,"w":0.8597661852836609},"size":38.6823844909668,"orthographic":false}