{"cameraMode":{"drawMode":0,"name":"Shaded","section":"Shading Mode"},"sceneLighting":false,"audioPlay":false,"sceneViewState":{"showFog":true,"showMaterialUpdate":false,"showSkybox":true,"showFlares":true,"showImageEffects":true,"showParticleSystems":true},"in2DMode":false,"pivot":{"x":-6.131019115447998,"y":0.3965328335762024,"z":-0.12118995189666748},"rotation":{"x":0.04300710931420326,"y":0.928328812122345,"z":-0.3513452112674713,"w":0.11363358050584793},"size":1.245234489440918,"orthographic":false}