{"cameraMode":{"drawMode":0,"name":"Shaded","section":"Shading Mode"},"sceneLighting":false,"audioPlay":false,"sceneViewState":{"showFog":true,"showMaterialUpdate":false,"showSkybox":true,"showFlares":true,"showImageEffects":true,"showParticleSystems":true},"in2DMode":false,"pivot":{"x":-303.3869934082031,"y":-35.80059814453125,"z":480.9599914550781},"rotation":{"x":0.1652381718158722,"y":0.16315771639347077,"z":-0.027723921462893487,"w":0.9722691774368286},"size":1.139843463897705,"orthographic":false}