{"cameraMode":{"drawMode":0,"name":"Shaded","section":"Shading Mode"},"sceneLighting":true,"audioPlay":false,"sceneViewState":{"showFog":true,"showMaterialUpdate":false,"showSkybox":true,"showFlares":true,"showImageEffects":true,"showParticleSystems":true},"in2DMode":false,"pivot":{"x":-302.8945007324219,"y":-35.877498626708987,"z":480.3111267089844},"rotation":{"x":0.11996059864759445,"y":0.3643776476383209,"z":-0.047389425337314609,"w":0.9222757816314697},"size":3.4886608123779299,"orthographic":false}