{"cameraMode":{"drawMode":0,"name":"Shaded","section":"Shading Mode"},"sceneLighting":false,"audioPlay":false,"sceneViewState":{"showFog":true,"showMaterialUpdate":false,"showSkybox":true,"showFlares":true,"showImageEffects":true,"showParticleSystems":true},"in2DMode":false,"pivot":{"x":-303.1265869140625,"y":-36.025821685791019,"z":481.0580749511719},"rotation":{"x":-0.23855073750019074,"y":-0.5156998038291931,"z":0.15211477875709535,"w":-0.8087078332901001},"size":1.0020391941070557,"orthographic":false}