{"cameraMode":{"drawMode":0,"name":"Shaded","section":"Shading Mode"},"sceneLighting":true,"audioPlay":false,"sceneViewState":{"showFog":true,"showMaterialUpdate":false,"showSkybox":true,"showFlares":true,"showImageEffects":true,"showParticleSystems":true},"in2DMode":false,"pivot":{"x":0.7235872149467468,"y":5.407460689544678,"z":7.59005880355835},"rotation":{"x":0.019567366689443589,"y":-0.9802932739257813,"z":0.13048197329044343,"w":0.1470261514186859},"size":0.6375840902328491,"orthographic":false}