{"cameraMode":{"drawMode":0,"name":"Shaded","section":"Shading Mode"},"sceneLighting":true,"audioPlay":false,"sceneViewState":{"showFog":true,"showMaterialUpdate":false,"showSkybox":true,"showFlares":true,"showImageEffects":true,"showParticleSystems":true},"in2DMode":false,"pivot":{"x":6.252974033355713,"y":4.357264041900635,"z":-5.7325568199157719},"rotation":{"x":-0.04934137314558029,"y":-0.7831008434295654,"z":0.0626445859670639,"w":-0.6167610883712769},"size":14.321733474731446,"orthographic":false}