{"cameraMode":{"drawMode":0,"name":"Shaded","section":"Shading Mode"},"sceneLighting":false,"audioPlay":false,"sceneViewState":{"showFog":true,"showMaterialUpdate":false,"showSkybox":true,"showFlares":true,"showImageEffects":true,"showParticleSystems":true},"in2DMode":false,"pivot":{"x":-306.4603271484375,"y":-37.542240142822269,"z":479.1122741699219},"rotation":{"x":-0.15412764251232148,"y":0.19391706585884095,"z":-0.030870577320456506,"w":-0.9683428406715393},"size":0.6007605791091919,"orthographic":false}