{"cameraMode":{"drawMode":0,"name":"Shaded","section":"Shading Mode"},"sceneLighting":false,"audioPlay":false,"sceneViewState":{"showFog":true,"showMaterialUpdate":false,"showSkybox":true,"showFlares":true,"showImageEffects":true,"showParticleSystems":true},"in2DMode":false,"pivot":{"x":5.954468727111816,"y":0.4413796663284302,"z":-0.8069231510162354},"rotation":{"x":-0.13557928800582887,"y":-0.637073278427124,"z":0.11516133695840836,"w":-0.7499958872795105},"size":4.464272499084473,"orthographic":false}