{"cameraMode":{"drawMode":0,"name":"Shaded","section":"Shading Mode"},"sceneLighting":false,"audioPlay":false,"sceneViewState":{"showFog":true,"showMaterialUpdate":false,"showSkybox":true,"showFlares":true,"showImageEffects":true,"showParticleSystems":true},"in2DMode":false,"pivot":{"x":-306.3680114746094,"y":-38.345401763916019,"z":479.5559997558594},"rotation":{"x":-0.07477643340826035,"y":-0.2257096767425537,"z":0.017373451963067056,"w":-0.9711651802062988},"size":0.1374749392271042,"orthographic":false}