{"cameraMode":{"drawMode":0,"name":"Shaded","section":"Shading Mode"},"sceneLighting":false,"audioPlay":false,"sceneViewState":{"showFog":true,"showMaterialUpdate":false,"showSkybox":true,"showFlares":true,"showImageEffects":true,"showParticleSystems":true},"in2DMode":false,"pivot":{"x":-303.3940124511719,"y":-35.81999969482422,"z":480.86199951171877},"rotation":{"x":0.345627099275589,"y":0.5033848881721497,"z":-0.2295449674129486,"w":0.7579278945922852},"size":1.863792896270752,"orthographic":false}