{"cameraMode":{"drawMode":0,"name":"Shaded","section":"Shading Mode"},"sceneLighting":false,"audioPlay":false,"sceneViewState":{"showFog":true,"showMaterialUpdate":false,"showSkybox":true,"showFlares":true,"showImageEffects":true,"showParticleSystems":true},"in2DMode":false,"pivot":{"x":-304.19384765625,"y":-35.04475784301758,"z":481.0838928222656},"rotation":{"x":0.15852908790111543,"y":0.7864788770675659,"z":-0.22559231519699098,"w":0.5526551604270935},"size":0.23620706796646119,"orthographic":false}