{"cameraMode":{"drawMode":0,"name":"Shaded","section":"Shading Mode"},"sceneLighting":true,"audioPlay":false,"sceneViewState":{"showFog":true,"showMaterialUpdate":false,"showSkybox":true,"showFlares":true,"showImageEffects":true,"showParticleSystems":true},"in2DMode":false,"pivot":{"x":-11.255331039428711,"y":2.834592819213867,"z":25.42559242248535},"rotation":{"x":0.07082182168960571,"y":-0.2783530354499817,"z":0.02058734931051731,"w":0.9576429724693298},"size":25.466358184814454,"orthographic":false}