{"cameraMode":{"drawMode":0,"name":"Shaded","section":"Shading Mode"},"sceneLighting":false,"audioPlay":false,"sceneViewState":{"showFog":true,"showMaterialUpdate":false,"showSkybox":true,"showFlares":true,"showImageEffects":true,"showParticleSystems":true},"in2DMode":false,"pivot":{"x":-303.3760070800781,"y":-35.79100036621094,"z":480.9110107421875},"rotation":{"x":-0.2091263383626938,"y":-0.2903633713722229,"z":0.06518303602933884,"w":-0.9315076470375061},"size":1.139843463897705,"orthographic":false}