{"cameraMode":{"drawMode":0,"name":"Shaded","section":"Shading Mode"},"sceneLighting":false,"audioPlay":false,"sceneViewState":{"showFog":true,"showMaterialUpdate":false,"showSkybox":true,"showFlares":true,"showImageEffects":true,"showParticleSystems":true},"in2DMode":false,"pivot":{"x":-301.8976745605469,"y":-35.92030334472656,"z":479.2541809082031},"rotation":{"x":0.018829887732863427,"y":0.939934253692627,"z":-0.052541300654411319,"w":0.33676180243492129},"size":3.451105833053589,"orthographic":false}