{"cameraMode":{"drawMode":0,"name":"Shaded","section":"Shading Mode"},"sceneLighting":false,"audioPlay":false,"sceneViewState":{"showFog":true,"showMaterialUpdate":false,"showSkybox":true,"showFlares":true,"showImageEffects":true,"showParticleSystems":true},"in2DMode":false,"pivot":{"x":4.217042922973633,"y":1.426060438156128,"z":0.5034122467041016},"rotation":{"x":0.128387451171875,"y":-0.30438190698623659,"z":0.04144536703824997,"w":0.9429478645324707},"size":3.7504501342773439,"orthographic":false}