{"cameraMode":{"drawMode":0,"name":"Shaded","section":"Shading Mode"},"sceneLighting":false,"audioPlay":false,"sceneViewState":{"showFog":true,"showMaterialUpdate":false,"showSkybox":true,"showFlares":true,"showImageEffects":true,"showParticleSystems":true},"in2DMode":false,"pivot":{"x":-303.4381103515625,"y":-35.72883224487305,"z":481.1131591796875},"rotation":{"x":-0.12676191329956056,"y":-0.5938642024993897,"z":0.09543317556381226,"w":-0.7887644171714783},"size":1.6717493534088135,"orthographic":false}