{"cameraMode":{"drawMode":0,"name":"Shaded","section":"Shading Mode"},"sceneLighting":false,"audioPlay":false,"sceneViewState":{"showFog":true,"showMaterialUpdate":false,"showSkybox":true,"showFlares":true,"showImageEffects":true,"showParticleSystems":true},"in2DMode":false,"pivot":{"x":-1.1533169746398926,"y":1.5410542488098145,"z":-0.9687004089355469},"rotation":{"x":0.128387451171875,"y":-0.30438190698623659,"z":0.04144536703824997,"w":0.9429478645324707},"size":4.25565767288208,"orthographic":false}