{"cameraMode":{"drawMode":0,"name":"Shaded","section":"Shading Mode"},"sceneLighting":true,"audioPlay":false,"sceneViewState":{"showFog":true,"showMaterialUpdate":false,"showSkybox":true,"showFlares":true,"showImageEffects":true,"showParticleSystems":true},"in2DMode":false,"pivot":{"x":-306.71844482421877,"y":-33.609893798828128,"z":476.37249755859377},"rotation":{"x":0.03153380751609802,"y":0.32393303513526919,"z":-0.010799610055983067,"w":0.945492684841156},"size":7.292752742767334,"orthographic":false}