{"cameraMode":{"drawMode":0,"name":"Shaded","section":"Shading Mode"},"sceneLighting":false,"audioPlay":false,"sceneViewState":{"showFog":true,"showMaterialUpdate":false,"showSkybox":true,"showFlares":true,"showImageEffects":true,"showParticleSystems":true},"in2DMode":false,"pivot":{"x":-303.5769958496094,"y":-35.893001556396487,"z":480.91400146484377},"rotation":{"x":-0.16464067995548249,"y":-0.22312022745609284,"z":0.03825906291604042,"w":-0.9600245356559753},"size":1.9137012958526612,"orthographic":false}