{"cameraMode":{"drawMode":0,"name":"Shaded","section":"Shading Mode"},"sceneLighting":false,"audioPlay":false,"sceneViewState":{"showFog":true,"showMaterialUpdate":false,"showSkybox":true,"showFlares":true,"showImageEffects":true,"showParticleSystems":true},"in2DMode":false,"pivot":{"x":-303.1044006347656,"y":-35.42162322998047,"z":480.5740661621094},"rotation":{"x":-0.28022289276123049,"y":-0.13228170573711396,"z":0.0390150211751461,"w":-0.9499761462211609},"size":1.0643234252929688,"orthographic":false}