{"cameraMode":{"drawMode":0,"name":"Shaded","section":"Shading Mode"},"sceneLighting":false,"audioPlay":false,"sceneViewState":{"showFog":true,"showMaterialUpdate":false,"showSkybox":true,"showFlares":true,"showImageEffects":true,"showParticleSystems":true},"in2DMode":false,"pivot":{"x":-303.45245361328127,"y":-35.32269287109375,"z":480.9954833984375},"rotation":{"x":-0.07923208177089691,"y":-0.11405191570520401,"z":0.009121178649365902,"w":-0.9902682900428772},"size":1.7398433685302735,"orthographic":false}