{"cameraMode":{"drawMode":0,"name":"Shaded","section":"Shading Mode"},"sceneLighting":false,"audioPlay":false,"sceneViewState":{"showFog":true,"showMaterialUpdate":false,"showSkybox":true,"showFlares":true,"showImageEffects":true,"showParticleSystems":true},"in2DMode":false,"pivot":{"x":-307.61602783203127,"y":-34.29587173461914,"z":487.58770751953127},"rotation":{"x":-0.11554862558841706,"y":-0.6900618076324463,"z":0.1130174845457077,"w":-0.7054716348648071},"size":1.3711893558502198,"orthographic":false}