{"cameraMode":{"drawMode":0,"name":"Shaded","section":"Shading Mode"},"sceneLighting":false,"audioPlay":false,"sceneViewState":{"showFog":true,"showMaterialUpdate":false,"showSkybox":true,"showFlares":true,"showImageEffects":true,"showParticleSystems":true},"in2DMode":false,"pivot":{"x":-307.01300048828127,"y":-35.31086349487305,"z":474.8500061035156},"rotation":{"x":0.03432277962565422,"y":-0.9158192276954651,"z":0.08020317554473877,"w":0.39200061559677126},"size":1.0692718029022217,"orthographic":false}