{"cameraMode":{"drawMode":0,"name":"Shaded","section":"Shading Mode"},"sceneLighting":false,"audioPlay":false,"sceneViewState":{"showFog":true,"showMaterialUpdate":false,"showSkybox":true,"showFlares":true,"showImageEffects":true,"showParticleSystems":true},"in2DMode":false,"pivot":{"x":-320.0392150878906,"y":-32.8168830871582,"z":499.3214111328125},"rotation":{"x":-0.0008337609469890595,"y":0.9848837852478027,"z":-0.004777136724442244,"w":-0.17314840853214265},"size":3.410865306854248,"orthographic":false}