{"cameraMode":{"drawMode":0,"name":"Shaded","section":"Shading Mode"},"sceneLighting":false,"audioPlay":false,"sceneViewState":{"showFog":true,"showMaterialUpdate":false,"showSkybox":true,"showFlares":true,"showImageEffects":true,"showParticleSystems":true},"in2DMode":false,"pivot":{"x":-303.2698974609375,"y":-35.833927154541019,"z":480.93743896484377},"rotation":{"x":-0.5761978030204773,"y":-0.41195788979530337,"z":0.4164634644985199,"w":-0.5699518322944641},"size":1.0717494487762452,"orthographic":false}