{"cameraMode":{"drawMode":0,"name":"Shaded","section":"Shading Mode"},"sceneLighting":false,"audioPlay":false,"sceneViewState":{"showFog":true,"showMaterialUpdate":false,"showSkybox":true,"showFlares":true,"showImageEffects":true,"showParticleSystems":true},"in2DMode":false,"pivot":{"x":4.696370601654053,"y":1.4760618209838868,"z":0.42886829376220705},"rotation":{"x":-0.07924357056617737,"y":0.11124271899461746,"z":-0.00890152994543314,"w":-0.9905888438224793},"size":3.7504491806030275,"orthographic":false}