{"cameraMode":{"drawMode":0,"name":"Shaded","section":"Shading Mode"},"sceneLighting":false,"audioPlay":false,"sceneViewState":{"showFog":true,"showMaterialUpdate":false,"showSkybox":true,"showFlares":true,"showImageEffects":true,"showParticleSystems":true},"in2DMode":false,"pivot":{"x":-303.3728332519531,"y":-36.21550750732422,"z":480.83221435546877},"rotation":{"x":-0.30299660563468935,"y":-0.6807096004486084,"z":0.3730558454990387,"w":-0.5528624653816223},"size":1.9020390510559083,"orthographic":false}