{"cameraMode":{"drawMode":0,"name":"Shaded","section":"Shading Mode"},"sceneLighting":true,"audioPlay":false,"sceneViewState":{"showFog":true,"showMaterialUpdate":false,"showSkybox":true,"showFlares":true,"showImageEffects":true,"showParticleSystems":true},"in2DMode":false,"pivot":{"x":3.870347499847412,"y":6.777097225189209,"z":4.6160569190979},"rotation":{"x":0.0810307115316391,"y":-0.07044617831707001,"z":0.005743687506765127,"w":0.9942023754119873},"size":5.836132049560547,"orthographic":false}